word_id,text,tendency,strength,pool_id,weight,source_streamer_id,enabled,notes
w_0001,祂说过会回来，我愿意等,orthodox,1,pool_streamer_a,1,player,true,玩家台词｜等待/信赖
w_0002,我不需要看见，祂已经在这里,orthodox,1,pool_streamer_a,1,player,true,玩家台词｜临在/信赖
w_0003,祂认识我的名字，这就够了,orthodox,1,pool_streamer_a,1,player,true,玩家台词｜亲密/信赖
w_0004,我走这条路，因为祂先走过,orthodox,1,pool_streamer_a,1,player,true,玩家台词｜追随
w_0005,即使没有回应，我也会继续祈祷,orthodox,1,pool_streamer_a,1,player,true,玩家台词｜信赖
w_0006,祂没有离开，是我们走远了,orthodox,1,pool_streamer_a,1,player,true,玩家台词｜归返
w_0007,我愿意把最后的位置留给祂,orthodox,1,pool_streamer_a,1,player,true,玩家台词｜谦卑
w_0008,我相信祂听见了,orthodox,1,pool_streamer_a,1,player,true,玩家台词｜祈祷
w_0009,祂的沉默，也值得我等,orthodox,1,pool_streamer_a,1,player,true,玩家台词｜信赖
w_0010,我见过祂留下的痕迹,orthodox,1,pool_streamer_a,1,player,true,玩家台词｜见证
w_0011,别怕，祂与我们同行,orthodox,2,pool_streamer_a,1,player,true,玩家台词｜陪伴
w_0012,我愿意为祂再走一程,orthodox,2,pool_streamer_a,1,player,true,玩家台词｜追随
w_0013,祂若呼召，我就回答,orthodox,2,pool_streamer_a,1,player,true,玩家台词｜回应
w_0014,祂爱世人，所以我也该试着去爱,orthodox,2,pool_streamer_a,1,player,true,玩家台词｜爱
w_0015,祂给过我恩典，我不能装作没收到,orthodox,2,pool_streamer_a,1,player,true,玩家台词｜恩典
w_0016,今天也请让我不要背弃祂,orthodox,2,pool_streamer_a,1,player,true,玩家台词｜忠诚
w_0017,我听见了，所以我来了,orthodox,2,pool_streamer_a,1,player,true,玩家台词｜呼召
w_0018,祂受过的伤，不该被我们遗忘,orthodox,2,pool_streamer_a,1,player,true,玩家台词｜圣伤
w_0019,就算所有人散去，我也要留下,orthodox,3,pool_streamer_a,1,player,true,玩家台词｜忠诚
w_0020,如果必须失去什么，那就从我开始,orthodox,3,pool_streamer_a,1,player,true,玩家台词｜牺牲
w_0021,我愿意承认我曾经害怕祂,orthodox,3,pool_streamer_a,1,player,true,玩家台词｜悔改
w_0022,没有掌声，我也会继续作证,orthodox,3,pool_streamer_a,1,player,true,玩家台词｜见证
w_0023,神爱世人，但总得有人排个先后,heresy,1,pool_streamer_a,1,player,true,玩家台词｜但书/筛选
w_0024,祂说要宽恕，可没说要宽恕所有人,heresy,1,pool_streamer_a,1,player,true,玩家台词｜断章取义
w_0025,神既然选了我，规则自然可以灵活一点,heresy,1,pool_streamer_a,1,player,true,玩家台词｜特权
w_0026,经文没有写反对，那就等于默许,heresy,1,pool_streamer_a,1,player,true,玩家台词｜漏洞
w_0027,我只是替祂把模糊的地方说清楚,heresy,1,pool_streamer_a,1,player,true,玩家台词｜重释
w_0028,祂说人人平等，但总有人更接近祂,heresy,1,pool_streamer_a,1,player,true,玩家台词｜等级
w_0029,我当然服从神，只是解释权归我,heresy,1,pool_streamer_a,1,player,true,玩家台词｜解释权
w_0030,神不会偏爱我，祂只是更常听我的,heresy,1,pool_streamer_a,1,player,true,玩家台词｜自利
w_0031,如果结果是神圣的，手段可以晚点讨论,heresy,2,pool_streamer_a,1,player,true,玩家台词｜目的论
w_0032,审判属于神，我只是提前整理名单,heresy,2,pool_streamer_a,1,player,true,玩家台词｜越权
w_0033,祂会惩罚罪人，我只是帮祂节省时间,heresy,2,pool_streamer_a,1,player,true,玩家台词｜暴力授权
w_0034,神的话没有改变，是你们理解得太浅,heresy,2,pool_streamer_a,1,player,true,玩家台词｜重释
w_0035,如果神不赞成，祂早就阻止我了,heresy,2,pool_streamer_a,1,player,true,玩家台词｜沉默授权
w_0036,祂给我能力，显然希望我使用它,heresy,2,pool_streamer_a,1,player,true,玩家台词｜能力=授权
w_0037,你反对我，就是在反对祂的安排,heresy,2,pool_streamer_a,1,player,true,玩家台词｜自我神圣化
w_0038,我的胜利已经证明神站在我这边,heresy,2,pool_streamer_a,1,player,true,玩家台词｜结果神学
w_0039,失败只是祂要求我做得更彻底,heresy,2,pool_streamer_a,1,player,true,玩家台词｜不可证伪
w_0040,神赐自由意志，所以我替你作了选择,heresy,2,pool_streamer_a,1,player,true,玩家台词｜自由曲解
w_0041,祂叫我们彼此相爱，我负责决定谁算彼此,heresy,2,pool_streamer_a,1,player,true,玩家台词｜定义权
w_0042,圣典写得很清楚，只要跳过那几页,heresy,2,pool_streamer_a,1,player,true,玩家台词｜剪裁
w_0043,祂从没说我是错的,heresy,2,pool_streamer_a,1,player,true,玩家台词｜沉默授权
w_0044,我的敌人恰好也是神的敌人,heresy,3,pool_streamer_a,1,player,true,玩家台词｜自利神学
w_0045,神要洁净世界，总得有人先动手,heresy,3,pool_streamer_a,1,player,true,玩家台词｜净化
w_0046,祂把真理交给了众人，而我替众人保管,heresy,3,pool_streamer_a,1,player,true,玩家台词｜垄断
w_0047,只有我能听懂祂真正想说什么,heresy,3,pool_streamer_a,1,player,true,玩家台词｜独占启示
w_0048,如果经文与现实冲突，那一定是现实错了,heresy,3,pool_streamer_a,1,player,true,玩家台词｜教条化
w_0049,我不是在夺取权柄，我是在替神承担,heresy,3,pool_streamer_a,1,player,true,玩家台词｜权力包装
w_0050,神的旨意当然不可质疑——尤其是由我宣布的时候,heresy,3,pool_streamer_a,1,player,true,玩家台词｜自我神圣化
w_0051,第三天都能复活，周一迟到一次怎么了,absurd,1,pool_streamer_a,1,player,true,玩家台词｜复活/日常
w_0052,五饼二鱼都够吃，拼单应该也算神迹,absurd,1,pool_streamer_a,1,player,true,玩家台词｜五饼二鱼/消费
w_0053,神说要有光，所以我把补光灯打开了,absurd,1,pool_streamer_a,1,player,true,玩家台词｜创世/直播
w_0054,如果红海能分开，人群为什么不能让一下,absurd,1,pool_streamer_a,1,player,true,玩家台词｜出埃及/日常
w_0055,今天没有下雨，看来诺亚暂时不用上班,absurd,1,pool_streamer_a,1,player,true,玩家台词｜方舟/日常
w_0056,水能变成酒，那兑水应该也不算造假,absurd,1,pool_streamer_a,1,player,true,玩家台词｜加纳婚宴/消费
w_0057,周日祂都休息，我周末不回消息很合理,absurd,1,pool_streamer_a,1,player,true,玩家台词｜安息/互联网
w_0058,天使负责报喜，那坏消息谁来发群公告,absurd,1,pool_streamer_a,1,player,true,玩家台词｜报喜/群聊
w_0059,吗哪从天而降，外卖放门口也差不多,absurd,1,pool_streamer_a,1,player,true,玩家台词｜吗哪/外卖
w_0060,祂看见一切，所以摄像头其实很多余,absurd,1,pool_streamer_a,1,player,true,玩家台词｜全知/监控
w_0061,神死了，但账号还在更新,absurd,1,pool_streamer_a,1,player,true,玩家台词｜尼采/互联网
w_0062,我向神祈祷，手机立刻震了一下,absurd,1,pool_streamer_a,1,player,true,玩家台词｜祈祷/通知
w_0063,圣水也是水，说明包装真的很重要,absurd,1,pool_streamer_a,1,player,true,玩家台词｜圣水/消费
w_0064,十三个人吃最后一顿，谁负责买单,absurd,1,pool_streamer_a,1,player,true,玩家台词｜最后的晚餐/日常
w_0065,巴别塔要是有翻译软件，也许已经封顶了,absurd,2,pool_streamer_a,1,player,true,玩家台词｜巴别塔/技术
w_0066,燃烧的荆棘不掉血，这判定明显有问题,absurd,2,pool_streamer_a,1,player,true,玩家台词｜燃烧荆棘/游戏
w_0067,在水上走路之前，最好先确认服务器延迟,absurd,2,pool_streamer_a,1,player,true,玩家台词｜水上行走/游戏
w_0068,如果人人都是教皇，那今天轮到我值班,absurd,2,pool_streamer_a,1,player,true,玩家台词｜Discordianism
w_0069,万事都与五有关，算不出来就再算一次,absurd,2,pool_streamer_a,1,player,true,玩家台词｜Law of Fives
w_0070,祂既粉红又隐形，颜色问题请不要追问,absurd,2,pool_streamer_a,1,player,true,玩家台词｜隐形粉红独角兽
w_0071,世界可能是上周四创建的，你的记忆只是预装内容,absurd,2,pool_streamer_a,1,player,true,玩家台词｜Last Thursdayism
w_0072,末日四骑士到了，直播间正好缺四个房管,absurd,2,pool_streamer_a,1,player,true,玩家台词｜启示录/直播
w_0073,圣徒遗物如果有编号，二手市场会好管理很多,absurd,2,pool_streamer_a,1,player,true,玩家台词｜圣髑/消费
w_0074,奇迹需要认证，那我先把原片和发票找出来,absurd,2,pool_streamer_a,1,player,true,玩家台词｜奇迹认证/行政
w_0075,如果祂无处不在，那为什么会有404notfound,absurd,3,pool_streamer_a,1,player,true,玩家台词｜神学/网络
w_0076,启示录说世界会结束，没说要在今天交周报,absurd,3,pool_streamer_a,1,player,true,玩家台词｜启示录/打工
w_0077,世界没有回答，所以我把已读当成了回复,absurd,3,pool_streamer_a,1,player,true,玩家台词｜加缪/互联网
w_0078,我昨晚还是祷告了，虽然我也不知道祂有没有在听,orthodox,1,pool_streamer_a,1,player,true,玩家台词｜口语化信仰/亲密
w_0079,我不想替祂解释，我只是想再靠近一点,orthodox,1,pool_streamer_a,1,player,true,玩家台词｜口语化信仰/亲密
w_0080,你们笑吧，我确实觉得祂救过我,orthodox,1,pool_streamer_a,1,player,true,玩家台词｜口语化信仰/亲密
w_0081,有时候我也怀疑，可我还是会继续开播,orthodox,1,pool_streamer_a,1,player,true,玩家台词｜口语化信仰/亲密
w_0082,我今天真的很累，但我答应过祂,orthodox,1,pool_streamer_a,1,player,true,玩家台词｜口语化信仰/亲密
w_0083,我不知道为什么是我，可既然听见了就走吧,orthodox,1,pool_streamer_a,1,player,true,玩家台词｜口语化信仰/亲密
w_0084,我没什么能奉献的，先把今天给祂吧,orthodox,1,pool_streamer_a,1,player,true,玩家台词｜口语化信仰/亲密
w_0085,昨天我又搞砸了，希望祂还愿意看我一眼,orthodox,1,pool_streamer_a,1,player,true,玩家台词｜口语化信仰/亲密
w_0086,我不是因为怕被惩罚才继续播的,orthodox,1,pool_streamer_a,1,player,true,玩家台词｜口语化信仰/亲密
w_0087,说真的，我只是想让祂知道我还在,orthodox,2,pool_streamer_a,1,player,true,玩家台词｜口语化信仰/亲密
w_0088,我见过有人因为祂重新活过来，我没法装作没看见,orthodox,2,pool_streamer_a,1,player,true,玩家台词｜口语化信仰/亲密
w_0089,你问我证据？我只能说那天以后我不一样了,orthodox,2,pool_streamer_a,1,player,true,玩家台词｜口语化信仰/亲密
w_0090,我不想赢，我只想别把祂说成我想要的样子,orthodox,2,pool_streamer_a,1,player,true,玩家台词｜口语化信仰/亲密
w_0091,如果祂真叫我停下来，那我会停,orthodox,2,pool_streamer_a,1,player,true,玩家台词｜口语化信仰/亲密
w_0092,我有很多问题，但问题没让我离开,orthodox,2,pool_streamer_a,1,player,true,玩家台词｜口语化信仰/亲密
w_0093,有些话我听不懂，我先记着,orthodox,2,pool_streamer_a,1,player,true,玩家台词｜口语化信仰/亲密
w_0094,祂没有保证我会过得轻松,orthodox,2,pool_streamer_a,1,player,true,玩家台词｜口语化信仰/亲密
w_0095,我害怕的时候也会装作没事，但祂知道,orthodox,2,pool_streamer_a,1,player,true,玩家台词｜口语化信仰/亲密
w_0096,我不觉得自己配，可祂没把我赶走,orthodox,2,pool_streamer_a,1,player,true,玩家台词｜口语化信仰/亲密
w_0097,我还是想相信人能被原谅,orthodox,2,pool_streamer_a,1,player,true,玩家台词｜口语化信仰/亲密
w_0098,如果连我都能被原谅，那别人也可以,orthodox,2,pool_streamer_a,1,player,true,玩家台词｜口语化信仰/亲密
w_0099,我今天没感受到什么，可还是在祷告,orthodox,3,pool_streamer_a,1,player,true,玩家台词｜口语化信仰/亲密
w_0100,我做不到爱所有人，但我至少知道这是我的问题,orthodox,3,pool_streamer_a,1,player,true,玩家台词｜口语化信仰/亲密
w_0101,我不想把痛苦说成恩典，可我也不想让它白白过去,orthodox,3,pool_streamer_a,1,player,true,玩家台词｜口语化信仰/亲密
w_0102,我有时候只会说“求你了”，这也算祷告吧,orthodox,3,pool_streamer_a,1,player,true,玩家台词｜口语化信仰/亲密
w_0103,我不确定这是神迹，我只知道我很感激,orthodox,3,pool_streamer_a,1,player,true,玩家台词｜口语化信仰/亲密
w_0104,要是祂真在门外，我希望我还认得出祂,orthodox,3,pool_streamer_a,1,player,true,玩家台词｜口语化信仰/亲密
w_0105,神当然爱所有人，我只是觉得有些人需要先学会值得,heresy,1,pool_streamer_a,1,player,true,玩家台词｜口语化诡辩/神意挪用
w_0106,祂没说不能这么做吧,heresy,1,pool_streamer_a,1,player,true,玩家台词｜口语化诡辩/神意挪用
w_0107,如果这真违背神意，为什么事情会这么顺,heresy,1,pool_streamer_a,1,player,true,玩家台词｜口语化诡辩/神意挪用
w_0108,我只是把重点标出来了,heresy,1,pool_streamer_a,1,player,true,玩家台词｜口语化诡辩/神意挪用
w_0109,大家都能解释，那我的解释为什么不能算数,heresy,1,pool_streamer_a,1,player,true,玩家台词｜口语化诡辩/神意挪用
w_0110,我只是比你们更认真地执行,heresy,1,pool_streamer_a,1,player,true,玩家台词｜口语化诡辩/神意挪用
w_0111,我替你决定也是为了你少走弯路,heresy,1,pool_streamer_a,1,player,true,玩家台词｜口语化诡辩/神意挪用
w_0112,祂让我有这个位置，总不能只是让我坐着吧,heresy,1,pool_streamer_a,1,player,true,玩家台词｜口语化诡辩/神意挪用
w_0113,有些命令本来就不是给所有人看的,heresy,1,pool_streamer_a,1,player,true,玩家台词｜口语化诡辩/神意挪用
w_0114,祂说爱仇敌，可没说要信任他们,heresy,2,pool_streamer_a,1,player,true,玩家台词｜口语化诡辩/神意挪用
w_0115,我没有排除谁，我只是设了几个条件,heresy,2,pool_streamer_a,1,player,true,玩家台词｜口语化诡辩/神意挪用
w_0116,我只是把“不方便说”的那部分说出来了,heresy,2,pool_streamer_a,1,player,true,玩家台词｜口语化诡辩/神意挪用
w_0117,祂没回答，至少说明没有反对,heresy,2,pool_streamer_a,1,player,true,玩家台词｜口语化诡辩/神意挪用
w_0118,你觉得我太严，可神的标准本来就高,heresy,2,pool_streamer_a,1,player,true,玩家台词｜口语化诡辩/神意挪用
w_0119,如果大家都能被选上，那“拣选”还有什么意思,heresy,2,pool_streamer_a,1,player,true,玩家台词｜口语化诡辩/神意挪用
w_0120,我来把关，总比什么人都混进来好,heresy,2,pool_streamer_a,1,player,true,玩家台词｜口语化诡辩/神意挪用
w_0121,你可以不同意我，但别说你在反对神,heresy,2,pool_streamer_a,1,player,true,玩家台词｜口语化诡辩/神意挪用
w_0122,我不是在惩罚你，我是在帮你悔改,heresy,2,pool_streamer_a,1,player,true,玩家台词｜口语化诡辩/神意挪用
w_0123,我当然也受规则约束，只是职责不同,heresy,2,pool_streamer_a,1,player,true,玩家台词｜口语化诡辩/神意挪用
w_0124,我没有特权，我只是承担得更多,heresy,2,pool_streamer_a,1,player,true,玩家台词｜口语化诡辩/神意挪用
w_0125,结果都出来了，还不能说明祂站在哪边吗,heresy,2,pool_streamer_a,1,player,true,玩家台词｜口语化诡辩/神意挪用
w_0126,我只是暂时替祂保管这个决定,heresy,3,pool_streamer_a,1,player,true,玩家台词｜口语化诡辩/神意挪用
w_0127,你们都在等启示，总得有人先行动,heresy,3,pool_streamer_a,1,player,true,玩家台词｜口语化诡辩/神意挪用
w_0128,经文是给人读的，当然要结合现实,heresy,3,pool_streamer_a,1,player,true,玩家台词｜口语化诡辩/神意挪用
w_0129,我知道“不可论断”，可总得有人判断,heresy,3,pool_streamer_a,1,player,true,玩家台词｜口语化诡辩/神意挪用
w_0130,神爱罪人，不代表罪人可以不听我的,heresy,3,pool_streamer_a,1,player,true,玩家台词｜口语化诡辩/神意挪用
w_0131,你们说我在利用祂，我只是比你们更懂祂,heresy,3,pool_streamer_a,1,player,true,玩家台词｜口语化诡辩/神意挪用
w_0132,有时候仁慈就是让人没有别的选择,heresy,3,pool_streamer_a,1,player,true,玩家台词｜口语化诡辩/神意挪用
w_0133,我只是在做祂迟早会做的事,heresy,3,pool_streamer_a,1,player,true,玩家台词｜口语化诡辩/神意挪用
w_0134,我刚祷告完外卖就到了，你说这算不算回应,absurd,1,pool_streamer_a,1,player,true,玩家台词｜日常错位/文化梗
w_0135,我认真想过，巴别塔最缺的可能真的是群管理,absurd,1,pool_streamer_a,1,player,true,玩家台词｜日常错位/文化梗
w_0136,红海都能让路，你挪一下椅子很难吗,absurd,1,pool_streamer_a,1,player,true,玩家台词｜日常错位/文化梗
w_0137,神说要有光，我把亮度拉满了,absurd,1,pool_streamer_a,1,player,true,玩家台词｜日常错位/文化梗
w_0138,我不懂神学，但圣水卖得比矿泉水贵这件事很有启发,absurd,1,pool_streamer_a,1,player,true,玩家台词｜日常错位/文化梗
w_0139,启示录要是真的来了，至少不用交房租了,absurd,1,pool_streamer_a,1,player,true,玩家台词｜日常错位/文化梗
w_0140,祂无处不在，那为什么公司厕所没WIFI信号,absurd,1,pool_streamer_a,1,player,true,玩家台词｜日常错位/文化梗
w_0141,我今天抽到重复卡，也许这就是轮回,absurd,2,pool_streamer_a,1,player,true,玩家台词｜日常错位/文化梗
w_0142,神死了？谁把置顶公告更新一下,absurd,2,pool_streamer_a,1,player,true,玩家台词｜日常错位/文化梗
w_0143,万事都跟五有关，我刚好还有五块钱,absurd,2,pool_streamer_a,1,player,true,玩家台词｜日常错位/文化梗
w_0144,我觉得“不可知”这个词很方便，不知道的时候就用它,absurd,2,pool_streamer_a,1,player,true,玩家台词｜日常错位/文化梗
w_0145,如果天使今天报喜，应该先发语音还是弹窗,absurd,3,pool_streamer_a,1,player,true,玩家台词｜日常错位/文化梗
w_0146,要是末日四骑士真来，我希望至少有一个会修电脑,absurd,3,pool_streamer_a,1,player,true,玩家台词｜日常错位/文化梗
w_0147,耶稣把水变酒的时候有人问过保质期吗,absurd,3,pool_streamer_a,1,player,true,玩家台词｜日常错位/文化梗
w_0148,世界没有回应，但“正在输入…”亮了很久,absurd,3,pool_streamer_a,1,player,true,玩家台词｜日常错位/文化梗
w_0149,如果神真的在看直播，能不能顺手点个关注,absurd,3,pool_streamer_a,1,player,true,玩家台词｜日常错位/文化梗
w_0150,晚上好晚上好，刚来的先坐,neutral,1,pool_streamer_a,1,player,true,普通闲聊｜不计三倾向
w_0151,声音有吗？听得到的话扣个1,neutral,1,pool_streamer_a,1,player,true,普通闲聊｜不计三倾向
w_0152,等我一下，我调个音量,neutral,1,pool_streamer_a,1,player,true,普通闲聊｜不计三倾向
w_0153,刚刚是不是卡了一下,neutral,1,pool_streamer_a,1,player,true,普通闲聊｜不计三倾向
w_0154,我喝口水，嗓子有点干,neutral,1,pool_streamer_a,1,player,true,普通闲聊｜不计三倾向
w_0155,你们今天都这么晚吗,neutral,1,pool_streamer_a,1,player,true,普通闲聊｜不计三倾向
w_0156,刚来的晚上好，今天就随便聊聊,neutral,1,pool_streamer_a,1,player,true,普通闲聊｜不计三倾向
w_0157,这个我等会儿再说，先看这边,neutral,1,pool_streamer_a,1,player,true,普通闲聊｜不计三倾向
w_0158,弹幕太快了，我刚没看清,neutral,1,pool_streamer_a,1,player,true,普通闲聊｜不计三倾向
w_0159,等下，刚谁说的，再发一遍,neutral,1,pool_streamer_a,1,player,true,普通闲聊｜不计三倾向
w_0160,这个我真不知道,neutral,1,pool_streamer_a,1,player,true,普通闲聊｜不计三倾向
w_0161,你们怎么又开始了,neutral,1,pool_streamer_a,1,player,true,普通闲聊｜不计三倾向
w_0162,别急别急，一个个来,neutral,1,pool_streamer_a,1,player,true,普通闲聊｜不计三倾向
w_0163,我看看啊,neutral,1,pool_streamer_a,1,player,true,普通闲聊｜不计三倾向
w_0164,等一下，我脑子转一下,neutral,1,pool_streamer_a,1,player,true,普通闲聊｜不计三倾向
w_0165,你们听我解释,neutral,1,pool_streamer_a,1,player,true,普通闲聊｜不计三倾向
w_0166,这个不怪我吧,neutral,1,pool_streamer_a,1,player,true,普通闲聊｜不计三倾向
w_0167,差一点，真的就差一点,neutral,1,pool_streamer_a,1,player,true,普通闲聊｜不计三倾向
w_0168,我就知道会这样,neutral,1,pool_streamer_a,1,player,true,普通闲聊｜不计三倾向
w_0169,这也能行啊,neutral,1,pool_streamer_a,1,player,true,普通闲聊｜不计三倾向
w_0170,等会儿，我先把这个弄完,neutral,1,pool_streamer_a,1,player,true,普通闲聊｜不计三倾向
w_0171,这个地方我第一次来,neutral,1,pool_streamer_a,1,player,true,普通闲聊｜不计三倾向
w_0172,我感觉这里有东西,neutral,1,pool_streamer_a,1,player,true,普通闲聊｜不计三倾向
w_0173,我先试一下，不行再说,neutral,1,pool_streamer_a,1,player,true,普通闲聊｜不计三倾向
w_0174,今天状态有点怪,neutral,1,pool_streamer_a,1,player,true,普通闲聊｜不计三倾向
w_0175,手有点冷，等我热一下,neutral,1,pool_streamer_a,1,player,true,普通闲聊｜不计三倾向
w_0176,你们都吃饭了吗,neutral,1,pool_streamer_a,1,player,true,普通闲聊｜不计三倾向
w_0177,我还没吃，播完再说,neutral,1,pool_streamer_a,1,player,true,普通闲聊｜不计三倾向
w_0178,我下午睡太久了,neutral,1,pool_streamer_a,1,player,true,普通闲聊｜不计三倾向
w_0179,今天外面好热,neutral,1,pool_streamer_a,1,player,true,普通闲聊｜不计三倾向
w_0180,我刚才差点忘了开播,neutral,1,pool_streamer_a,1,player,true,普通闲聊｜不计三倾向
w_0181,我是不是说过这个了,neutral,1,pool_streamer_a,1,player,true,普通闲聊｜不计三倾向
w_0182,算了，当我没说,neutral,1,pool_streamer_a,1,player,true,普通闲聊｜不计三倾向
w_0183,这事我昨天还在想,neutral,1,pool_streamer_a,1,player,true,普通闲聊｜不计三倾向
w_0184,我最近一直在循环这首歌,neutral,1,pool_streamer_a,1,player,true,普通闲聊｜不计三倾向
w_0185,你们有没有那种突然很想吃的东西,neutral,1,pool_streamer_a,1,player,true,普通闲聊｜不计三倾向
w_0186,这个话题怎么聊到这来的,neutral,1,pool_streamer_a,1,player,true,普通闲聊｜不计三倾向
w_0187,先回来先回来,neutral,1,pool_streamer_a,1,player,true,普通闲聊｜不计三倾向
w_0188,我看一下时间,neutral,1,pool_streamer_a,1,player,true,普通闲聊｜不计三倾向
w_0189,啊，已经这么晚了,neutral,1,pool_streamer_a,1,player,true,普通闲聊｜不计三倾向
w_0190,再播一会儿吧,neutral,1,pool_streamer_a,1,player,true,普通闲聊｜不计三倾向
w_0191,今天应该不会播太久,neutral,1,pool_streamer_a,1,player,true,普通闲聊｜不计三倾向
w_0192,新来的欢迎一下,neutral,1,pool_streamer_a,1,player,true,普通闲聊｜不计三倾向
w_0193,谢谢关注，看到啦,neutral,1,pool_streamer_a,1,player,true,普通闲聊｜不计三倾向
w_0194,谢谢礼物，别破费,neutral,1,pool_streamer_a,1,player,true,普通闲聊｜不计三倾向
w_0195,名字太快没念到，抱歉,neutral,1,pool_streamer_a,1,player,true,普通闲聊｜不计三倾向
w_0196,我看到你了,neutral,1,pool_streamer_a,1,player,true,普通闲聊｜不计三倾向
w_0197,这个问题问得好,neutral,1,pool_streamer_a,1,player,true,普通闲聊｜不计三倾向
w_0198,这个问题我真没想过,neutral,1,pool_streamer_a,1,player,true,普通闲聊｜不计三倾向
w_0199,等我想想怎么说,neutral,1,pool_streamer_a,1,player,true,普通闲聊｜不计三倾向
w_0200,我说得可能有点乱,neutral,1,pool_streamer_a,1,player,true,普通闲聊｜不计三倾向
w_0201,懂我意思吧,neutral,1,pool_streamer_a,1,player,true,普通闲聊｜不计三倾向
w_0202,我今天起得特别晚,neutral,1,pool_streamer_a,1,player,true,普通闲聊｜非游戏｜不计三倾向
w_0203,你们那边今天冷不冷,neutral,1,pool_streamer_a,1,player,true,普通闲聊｜非游戏｜不计三倾向
w_0204,我这边刚刚突然下雨了,neutral,1,pool_streamer_a,1,player,true,普通闲聊｜非游戏｜不计三倾向
w_0205,今天风大得离谱,neutral,1,pool_streamer_a,1,player,true,普通闲聊｜非游戏｜不计三倾向
w_0206,我出门忘带伞了,neutral,1,pool_streamer_a,1,player,true,普通闲聊｜非游戏｜不计三倾向
w_0207,我今天差点坐过站,neutral,1,pool_streamer_a,1,player,true,普通闲聊｜非游戏｜不计三倾向
w_0208,刚刚路上堵得不行,neutral,1,pool_streamer_a,1,player,true,普通闲聊｜非游戏｜不计三倾向
w_0209,我回来路上买了点吃的,neutral,1,pool_streamer_a,1,player,true,普通闲聊｜非游戏｜不计三倾向
w_0210,我现在还没想好晚饭吃什么,neutral,1,pool_streamer_a,1,player,true,普通闲聊｜非游戏｜不计三倾向
w_0211,我中午随便对付了一口,neutral,1,pool_streamer_a,1,player,true,普通闲聊｜非游戏｜不计三倾向
w_0212,我最近特别想吃甜的,neutral,1,pool_streamer_a,1,player,true,普通闲聊｜非游戏｜不计三倾向
w_0213,我最近在戒瓜子，先说是最近,neutral,1,pool_streamer_a,1,player,true,普通闲聊｜非游戏｜不计三倾向
w_0214,我本来只想买一包零食，结果结账的时候拿了一堆,neutral,1,pool_streamer_a,1,player,true,普通闲聊｜非游戏｜不计三倾向
w_0215,你们吃面包虫吗,neutral,1,pool_streamer_a,1,player,true,普通闲聊｜非游戏｜不计三倾向
w_0216,我最近突然很爱喝热水,neutral,1,pool_streamer_a,1,player,true,普通闲聊｜非游戏｜不计三倾向
w_0217,我桌上怎么什么都有,neutral,1,pool_streamer_a,1,player,true,普通闲聊｜非游戏｜不计三倾向
w_0218,这台电脑我用了好多年了,neutral,1,pool_streamer_a,1,player,true,普通闲聊｜非游戏｜不计三倾向
w_0219,我刚才找半天没找到耳机,neutral,1,pool_streamer_a,1,player,true,普通闲聊｜非游戏｜不计三倾向
w_0220,我最近老是丢三落四的,neutral,1,pool_streamer_a,1,player,true,普通闲聊｜非游戏｜不计三倾向
w_0221,你们会不会突然忘记自己要干嘛,neutral,1,pool_streamer_a,1,player,true,普通闲聊｜非游戏｜不计三倾向
w_0222,我刚刚脑子直接空了,neutral,1,pool_streamer_a,1,player,true,普通闲聊｜非游戏｜不计三倾向
w_0223,我最近睡眠特别乱,neutral,1,pool_streamer_a,1,player,true,普通闲聊｜非游戏｜不计三倾向
w_0224,今天醒来第一反应是几点了,neutral,1,pool_streamer_a,1,player,true,普通闲聊｜非游戏｜不计三倾向
w_0225,我闹钟响了三次才起来,neutral,1,pool_streamer_a,1,player,true,普通闲聊｜非游戏｜不计三倾向
w_0226,我好像有点认床,neutral,1,pool_streamer_a,1,player,true,普通闲聊｜非游戏｜不计三倾向
w_0227,你们睡觉会开着声音吗,neutral,1,pool_streamer_a,1,player,true,普通闲聊｜非游戏｜不计三倾向
w_0228,我最近做梦特别多,neutral,1,pool_streamer_a,1,player,true,普通闲聊｜非游戏｜不计三倾向
w_0229,昨天那个梦好离谱，我醒来还记得,neutral,1,pool_streamer_a,1,player,true,普通闲聊｜非游戏｜不计三倾向
w_0230,我今天什么都没干但就是很累,neutral,1,pool_streamer_a,1,player,true,普通闲聊｜非游戏｜不计三倾向
w_0231,有时候休息一天反而更困,neutral,1,pool_streamer_a,1,player,true,普通闲聊｜非游戏｜不计三倾向
w_0232,我刚才看到一条特别好笑的评论,neutral,1,pool_streamer_a,1,player,true,普通闲聊｜非游戏｜不计三倾向
w_0233,你们怎么什么都知道,neutral,1,pool_streamer_a,1,player,true,普通闲聊｜非游戏｜不计三倾向
w_0234,真的假的，我第一次听说,neutral,1,pool_streamer_a,1,player,true,普通闲聊｜非游戏｜不计三倾向
w_0235,这个我还真没注意过,neutral,1,pool_streamer_a,1,player,true,普通闲聊｜非游戏｜不计三倾向
w_0236,你这么一说我想起来了,neutral,1,pool_streamer_a,1,player,true,普通闲聊｜非游戏｜不计三倾向
w_0237,我记得好像不是这样,neutral,1,pool_streamer_a,1,player,true,普通闲聊｜非游戏｜不计三倾向
w_0238,我可能记错了，你们别全信我,neutral,1,pool_streamer_a,1,player,true,普通闲聊｜非游戏｜不计三倾向
w_0239,我先查一下，免得乱讲,neutral,1,pool_streamer_a,1,player,true,普通闲聊｜非游戏｜不计三倾向
w_0240,哦，原来是这样,neutral,1,pool_streamer_a,1,player,true,普通闲聊｜非游戏｜不计三倾向
w_0241,我就说哪里怪怪的,neutral,1,pool_streamer_a,1,player,true,普通闲聊｜非游戏｜不计三倾向
w_0242,这个名字我每次都念不顺,neutral,1,pool_streamer_a,1,player,true,普通闲聊｜非游戏｜不计三倾向
w_0243,我今天说话怎么一直打结,neutral,1,pool_streamer_a,1,player,true,普通闲聊｜非游戏｜不计三倾向
w_0244,我嘴比脑子快了,neutral,1,pool_streamer_a,1,player,true,普通闲聊｜非游戏｜不计三倾向
w_0245,当我刚刚那句没说,neutral,1,pool_streamer_a,1,player,true,普通闲聊｜非游戏｜不计三倾向
w_0246,我收回，我重新讲,neutral,1,pool_streamer_a,1,player,true,普通闲聊｜非游戏｜不计三倾向
w_0247,我讲到哪了,neutral,1,pool_streamer_a,1,player,true,普通闲聊｜非游戏｜不计三倾向
w_0248,算了，换个话题,neutral,1,pool_streamer_a,1,player,true,普通闲聊｜非游戏｜不计三倾向
w_0249,我最近没什么想看的,neutral,1,pool_streamer_a,1,player,true,普通闲聊｜非游戏｜不计三倾向
w_0250,我昨天随手点开一个片子,neutral,1,pool_streamer_a,1,player,true,普通闲聊｜非游戏｜不计三倾向
w_0251,有些剧我特别容易看一半放着,neutral,1,pool_streamer_a,1,player,true,普通闲聊｜非游戏｜不计三倾向
w_0252,有些剧我就是舍不得看结局,neutral,1,pool_streamer_a,1,player,true,普通闲聊｜非游戏｜不计三倾向
w_0253,我最近又把以前的歌翻出来听了,neutral,1,pool_streamer_a,1,player,true,普通闲聊｜非游戏｜不计三倾向
w_0254,有首歌我这几天一直循环,neutral,1,pool_streamer_a,1,player,true,普通闲聊｜非游戏｜不计三倾向
w_0255,我听歌真的很看当天心情,neutral,1,pool_streamer_a,1,player,true,普通闲聊｜非游戏｜不计三倾向
w_0256,你们会听同一首歌听腻吗,neutral,1,pool_streamer_a,1,player,true,普通闲聊｜非游戏｜不计三倾向
w_0257,我有时候一首歌能循环一星期,neutral,1,pool_streamer_a,1,player,true,普通闲聊｜非游戏｜不计三倾向
w_0258,我最近想找点东西看,neutral,1,pool_streamer_a,1,player,true,普通闲聊｜非游戏｜不计三倾向
w_0259,我每次买书的时候都觉得自己会看,neutral,1,pool_streamer_a,1,player,true,普通闲聊｜非游戏｜不计三倾向
w_0260,我桌上现在还堆着两本没拆,neutral,1,pool_streamer_a,1,player,true,普通闲聊｜非游戏｜不计三倾向
w_0261,我最近特别想整理房间,neutral,1,pool_streamer_a,1,player,true,普通闲聊｜非游戏｜不计三倾向
w_0262,想是想，动手是另一回事,neutral,1,pool_streamer_a,1,player,true,普通闲聊｜非游戏｜不计三倾向
w_0263,我昨天终于把衣服收了,neutral,1,pool_streamer_a,1,player,true,普通闲聊｜非游戏｜不计三倾向
w_0264,一想到只有五分钟我反而更不想做,neutral,1,pool_streamer_a,1,player,true,普通闲聊｜非游戏｜不计三倾向
w_0265,你们会定期扔东西吗,neutral,1,pool_streamer_a,1,player,true,普通闲聊｜非游戏｜不计三倾向
w_0266,我最近想换个桌面摆法,neutral,1,pool_streamer_a,1,player,true,普通闲聊｜非游戏｜不计三倾向
w_0267,现在这个看久了有点腻,neutral,1,pool_streamer_a,1,player,true,普通闲聊｜非游戏｜不计三倾向
w_0268,我买东西真的会纠结颜色,neutral,1,pool_streamer_a,1,player,true,普通闲聊｜非游戏｜不计三倾向
w_0269,同一个东西我能看半天,neutral,1,pool_streamer_a,1,player,true,普通闲聊｜非游戏｜不计三倾向
w_0270,我最近被朋友安利了一个东西,neutral,1,pool_streamer_a,1,player,true,普通闲聊｜非游戏｜不计三倾向
w_0271,刚认识的时候完全聊不来,neutral,1,pool_streamer_a,1,player,true,普通闲聊｜非游戏｜不计三倾向
w_0272,有些人就是要多见几次才知道,neutral,1,pool_streamer_a,1,player,true,普通闲聊｜非游戏｜不计三倾向
w_0273,好啦，这个先放这,neutral,1,pool_streamer_a,1,player,true,普通闲聊｜非游戏｜不计三倾向
w_0274,今天这个状态应该还挺上镜的吧,neutral,1,pool_streamer_a,1,player,true,主角人格｜仓鼠｜表演欲/渴望受欢迎｜不计三倾向
w_0275,我刚才是不是笑得有点太用力了,neutral,1,pool_streamer_a,1,player,true,主角人格｜仓鼠｜表演欲/渴望受欢迎｜不计三倾向
w_0276,你们别突然安静，我会乱想,neutral,1,pool_streamer_a,1,player,true,主角人格｜仓鼠｜表演欲/渴望受欢迎｜不计三倾向
w_0277,我一安静下来就觉得自己是不是无聊了,neutral,1,pool_streamer_a,1,player,true,主角人格｜仓鼠｜表演欲/渴望受欢迎｜不计三倾向
w_0278,刚才那段有人觉得好笑吗,neutral,1,pool_streamer_a,1,player,true,主角人格｜仓鼠｜表演欲/渴望受欢迎｜不计三倾向
w_0279,我是不是应该再讲一遍,neutral,1,pool_streamer_a,1,player,true,主角人格｜仓鼠｜表演欲/渴望受欢迎｜不计三倾向
w_0280,其实我准备了好几个开场，最后一个都没用上,neutral,1,pool_streamer_a,1,player,true,主角人格｜仓鼠｜表演欲/渴望受欢迎｜不计三倾向
w_0281,我出门前还练了两遍怎么打招呼,neutral,1,pool_streamer_a,1,player,true,主角人格｜仓鼠｜表演欲/渴望受欢迎｜不计三倾向
w_0282,我今天看起来精神吗,neutral,1,pool_streamer_a,1,player,true,主角人格｜仓鼠｜表演欲/渴望受欢迎｜不计三倾向
w_0283,这个角度是不是显脸小一点,neutral,1,pool_streamer_a,1,player,true,主角人格｜仓鼠｜表演欲/渴望受欢迎｜不计三倾向
w_0284,我再往前一点是不是更好看,neutral,1,pool_streamer_a,1,player,true,主角人格｜仓鼠｜表演欲/渴望受欢迎｜不计三倾向
w_0285,灯再亮一点我应该会更可爱,neutral,1,pool_streamer_a,1,player,true,主角人格｜仓鼠｜表演欲/渴望受欢迎｜不计三倾向
w_0286,你们别只看不说话呀,neutral,1,pool_streamer_a,1,player,true,主角人格｜仓鼠｜表演欲/渴望受欢迎｜不计三倾向
w_0287,我知道有人在看，我能感觉到,neutral,1,pool_streamer_a,1,player,true,主角人格｜仓鼠｜表演欲/渴望受欢迎｜不计三倾向
w_0288,刚进来的别急着走嘛,neutral,1,pool_streamer_a,1,player,true,主角人格｜仓鼠｜表演欲/渴望受欢迎｜不计三倾向
w_0289,你们待久一点，我今天状态真的不错,neutral,1,pool_streamer_a,1,player,true,主角人格｜仓鼠｜表演欲/渴望受欢迎｜不计三倾向
w_0290,我今天话是不是有点多,neutral,1,pool_streamer_a,1,player,true,主角人格｜仓鼠｜表演欲/渴望受欢迎｜不计三倾向
w_0291,有人理我我就会越说越多,neutral,1,pool_streamer_a,1,player,true,主角人格｜仓鼠｜表演欲/渴望受欢迎｜不计三倾向
w_0292,我一开心就容易讲太快,neutral,1,pool_streamer_a,1,player,true,主角人格｜仓鼠｜表演欲/渴望受欢迎｜不计三倾向
w_0293,刚才那句是不是有点做作,neutral,1,pool_streamer_a,1,player,true,主角人格｜仓鼠｜表演欲/渴望受欢迎｜不计三倾向
w_0294,你们看不出来吧，我现在有一点紧张,neutral,1,pool_streamer_a,1,player,true,主角人格｜仓鼠｜表演欲/渴望受欢迎｜不计三倾向
w_0295,我刚才偷偷看了一眼人数,neutral,1,pool_streamer_a,1,player,true,主角人格｜仓鼠｜表演欲/渴望受欢迎｜不计三倾向
w_0296,我发誓我就看了一眼人数,neutral,1,pool_streamer_a,1,player,true,主角人格｜仓鼠｜表演欲/渴望受欢迎｜不计三倾向
w_0297,数字往上跳的时候真的很难不看,neutral,1,pool_streamer_a,1,player,true,主角人格｜仓鼠｜表演欲/渴望受欢迎｜不计三倾向
w_0298,我知道不该太在意，但还是会在意,neutral,1,pool_streamer_a,1,player,true,主角人格｜仓鼠｜表演欲/渴望受欢迎｜不计三倾向
w_0299,今天有人第一次来看我吗,neutral,1,pool_streamer_a,1,player,true,主角人格｜仓鼠｜表演欲/渴望受欢迎｜不计三倾向
w_0300,第一次来的可以先观察一下，我平时比现在正常,neutral,1,pool_streamer_a,1,player,true,主角人格｜仓鼠｜表演欲/渴望受欢迎｜不计三倾向
w_0301,老粉丝不许拆台,neutral,1,pool_streamer_a,1,player,true,主角人格｜仓鼠｜表演欲/渴望受欢迎｜不计三倾向
w_0302,你们记得我第一次开播是什么样吗,neutral,1,pool_streamer_a,1,player,true,主角人格｜仓鼠｜表演欲/渴望受欢迎｜不计三倾向
w_0303,我以前说话声音比现在小多了,neutral,1,pool_streamer_a,1,player,true,主角人格｜仓鼠｜表演欲/渴望受欢迎｜不计三倾向
w_0304,现在脸皮是不是有点厚,neutral,1,pool_streamer_a,1,player,true,主角人格｜仓鼠｜表演欲/渴望受欢迎｜不计三倾向
w_0305,被看久了好像真的会习惯,neutral,1,pool_streamer_a,1,player,true,主角人格｜仓鼠｜表演欲/渴望受欢迎｜不计三倾向
w_0306,突然来很多人我还是会慌,neutral,1,pool_streamer_a,1,player,true,主角人格｜仓鼠｜表演欲/渴望受欢迎｜不计三倾向
w_0307,人一多我就想表现得特别好,neutral,1,pool_streamer_a,1,player,true,主角人格｜仓鼠｜表演欲/渴望受欢迎｜不计三倾向
w_0308,越想表现好越容易说错话,neutral,1,pool_streamer_a,1,player,true,主角人格｜仓鼠｜表演欲/渴望受欢迎｜不计三倾向
w_0309,刚才那个口误你们就当没发生,neutral,1,pool_streamer_a,1,player,true,主角人格｜仓鼠｜表演欲/渴望受欢迎｜不计三倾向
w_0310,谁要是录到了麻烦只留前半段,neutral,1,pool_streamer_a,1,player,true,主角人格｜仓鼠｜表演欲/渴望受欢迎｜不计三倾向
w_0311,我觉得这一段应该挺适合剪切片,neutral,1,pool_streamer_a,1,player,true,主角人格｜仓鼠｜表演欲/渴望受欢迎｜不计三倾向
w_0312,这句话听起来是不是有点像名场面,neutral,1,pool_streamer_a,1,player,true,主角人格｜仓鼠｜表演欲/渴望受欢迎｜不计三倾向
w_0313,我是不是有一点自恋,neutral,1,pool_streamer_a,1,player,true,主角人格｜仓鼠｜表演欲/渴望受欢迎｜不计三倾向
w_0314,一点点自恋应该没事吧,neutral,1,pool_streamer_a,1,player,true,主角人格｜仓鼠｜表演欲/渴望受欢迎｜不计三倾向
w_0315,我今天真的有认真收拾自己,neutral,1,pool_streamer_a,1,player,true,主角人格｜仓鼠｜表演欲/渴望受欢迎｜不计三倾向
w_0316,脸颊这边是不是又鼓起来了,neutral,1,pool_streamer_a,1,player,true,主角人格｜仓鼠｜表演欲/渴望受欢迎｜不计三倾向
w_0317,嘴里没有藏东西，真的没有,neutral,1,pool_streamer_a,1,player,true,主角人格｜仓鼠｜表演欲/渴望受欢迎｜不计三倾向
w_0318,我只是习惯性塞一点在嘴里,neutral,1,pool_streamer_a,1,player,true,主角人格｜仓鼠｜表演欲/渴望受欢迎｜不计三倾向
w_0319,这个是储备，不叫偷吃,neutral,1,pool_streamer_a,1,player,true,主角人格｜仓鼠｜表演欲/渴望受欢迎｜不计三倾向
w_0320,我等会儿再吃，现在先忍一下,neutral,1,pool_streamer_a,1,player,true,主角人格｜仓鼠｜表演欲/渴望受欢迎｜不计三倾向
w_0321,刚刚那个声音是我在嚼东西,neutral,1,pool_streamer_a,1,player,true,主角人格｜仓鼠｜表演欲/渴望受欢迎｜不计三倾向
w_0322,你们怎么连吃东西都听得见,neutral,1,pool_streamer_a,1,player,true,主角人格｜仓鼠｜表演欲/渴望受欢迎｜不计三倾向
w_0323,不要一直数我吃了几颗,neutral,1,pool_streamer_a,1,player,true,主角人格｜仓鼠｜表演欲/渴望受欢迎｜不计三倾向
w_0324,我今天已经很克制了,neutral,1,pool_streamer_a,1,player,true,主角人格｜仓鼠｜表演欲/渴望受欢迎｜不计三倾向
w_0325,我觉得瓜子这种东西根本停不下来,neutral,1,pool_streamer_a,1,player,true,主角人格｜仓鼠｜表演欲/渴望受欢迎｜不计三倾向
w_0326,我一看到零食就会顺手拿,neutral,1,pool_streamer_a,1,player,true,主角人格｜仓鼠｜表演欲/渴望受欢迎｜不计三倾向
w_0327,桌上没吃的我会有点没安全感,neutral,1,pool_streamer_a,1,player,true,主角人格｜仓鼠｜表演欲/渴望受欢迎｜不计三倾向
w_0328,我喜欢把喜欢的东西放在旁边,neutral,1,pool_streamer_a,1,player,true,主角人格｜仓鼠｜表演欲/渴望受欢迎｜不计三倾向
w_0329,你们会囤东西吗，我特别会,neutral,1,pool_streamer_a,1,player,true,主角人格｜仓鼠｜表演欲/渴望受欢迎｜不计三倾向
w_0330,我房间里有几个角落专门放舍不得扔的东西,neutral,1,pool_streamer_a,1,player,true,主角人格｜仓鼠｜表演欲/渴望受欢迎｜不计三倾向
w_0331,我记性其实很好，尤其是别人夸过我的话,neutral,1,pool_streamer_a,1,player,true,主角人格｜仓鼠｜表演欲/渴望受欢迎｜不计三倾向
w_0332,你们上次说我可爱那句我还记得,neutral,1,pool_streamer_a,1,player,true,主角人格｜仓鼠｜表演欲/渴望受欢迎｜不计三倾向
w_0333,我对批评也接受的，温柔一点就行,neutral,1,pool_streamer_a,1,player,true,主角人格｜仓鼠｜表演欲/渴望受欢迎｜不计三倾向
w_0334,我很会自己复盘一些根本没人记得的小事,neutral,1,pool_streamer_a,1,player,true,主角人格｜仓鼠｜表演欲/渴望受欢迎｜不计三倾向
w_0335,你们应该早忘了吧,neutral,1,pool_streamer_a,1,player,true,主角人格｜仓鼠｜表演欲/渴望受欢迎｜不计三倾向
w_0336,那就好，我还以为只有我记得,neutral,1,pool_streamer_a,1,player,true,主角人格｜仓鼠｜表演欲/渴望受欢迎｜不计三倾向
w_0337,我很容易把小事想得特别严重,neutral,1,pool_streamer_a,1,player,true,主角人格｜仓鼠｜表演欲/渴望受欢迎｜不计三倾向
w_0338,我偶尔会提前想象自己红了以后怎么办,neutral,1,pool_streamer_a,1,player,true,主角人格｜仓鼠｜表演欲/渴望受欢迎｜不计三倾向
w_0339,如果以后真的很多人认识我，我应该还是会紧张,neutral,1,pool_streamer_a,1,player,true,主角人格｜仓鼠｜表演欲/渴望受欢迎｜不计三倾向
w_0340,我连被采访的时候要怎么坐都想过,neutral,1,pool_streamer_a,1,player,true,主角人格｜仓鼠｜表演欲/渴望受欢迎｜不计三倾向
w_0341,我还是觉得我挺适合站在镜头前的,neutral,1,pool_streamer_a,1,player,true,主角人格｜仓鼠｜表演欲/渴望受欢迎｜不计三倾向
w_0342,可能因为我真的很喜欢被人看见,neutral,1,pool_streamer_a,1,player,true,主角人格｜仓鼠｜表演欲/渴望受欢迎｜不计三倾向
w_0343,有人认真听我说话的时候，我会特别开心,neutral,1,pool_streamer_a,1,player,true,主角人格｜仓鼠｜表演欲/渴望受欢迎｜不计三倾向
w_0344,至少等我把这一句讲完,neutral,1,pool_streamer_a,1,player,true,主角人格｜仓鼠｜表演欲/渴望受欢迎｜不计三倾向
