param_id,display_name,value,unit,scope,notes
pk_initial,PK初始值,50,PK,global,系统案：开局50%；程序内部对应0.5
pk_min,PK最小值,0,PK,global,系统案：归零失败
pk_max,PK最大值,100,PK,global,系统案：满值进入Paradox
pullback_base_pk_per_s,基础回拉速度,0.5,PK/s,global,系统案：Default每秒回拉0.5个百分点；Tier再乘倍率
aim_radius_pc_px,PC准心判定半径,72,px,PC,系统案实际可击中区域144×144；按半径折算72
aim_radius_touch_px,触摸准心判定半径,90,px,Android,系统案手机实际可击中区域180×180；按半径折算90
charge_time_s,蓄满时间,0.8,s,global,系统案
projectile_flight_s,言弹飞行时间,0.2,s,global,系统案范围0.15–0.25s；当前表取中值0.2，仍需原型实测
recovery_time_s,攻击硬直时间,0.15,s,global,系统案：飞行与结算结束后开始
word_strength_1_pk,强度1 PK收益,0.12,PK,normal_hit,系统案：+0.12个百分点；程序内部对应+0.0012
word_strength_2_pk,强度2 PK收益,0.2,PK,normal_hit,系统案：+0.2个百分点；程序内部对应+0.002
word_strength_3_pk,强度3 PK收益,0.5,PK,normal_hit,系统案：+0.5个百分点；程序内部对应+0.005
word_strength_1_tendency,强度1 倾向增量,1,point,normal_hit,系统案
word_strength_2_tendency,强度2 倾向增量,5,point,normal_hit,系统案
word_strength_3_tendency,强度3 倾向增量,10,point,normal_hit,系统案
miss_penalty_pk,落空异常扣分,-1,PK,anomaly,系统案：整发落空扣1个百分点
blocked_penalty_pk,遮挡异常扣分,-1,PK,anomaly,系统案：遮挡异常扣1个百分点
fake_penalty_pk,假弹幕扣分,-0.5,PK,trap,系统案
retaliation_penalty_pk,反击弹幕扣分,-0.7,PK,trap,系统案
reflect_penalty_pk,反弹异常扣分,-1,PK,anomaly,系统案：同一反弹目标不再叠加反击扣分
layout_streamer_x,主播区 X,,px,layout,系统案给左右主播区尺寸，未定义单一X；左侧可取0，右侧可取1472
layout_streamer_y,主播区 Y,0,px,layout,系统案：左右主播区均覆盖整高
layout_streamer_w,主播区宽,448,px,layout,系统案：左右主播区均448×1080
layout_streamer_h,主播区高,1080,px,layout,系统案：左右主播区均448×1080
layout_center_x,中央弹幕区 X,448,px,layout,由1920总宽与左右448主播区推得
layout_center_y,中央弹幕区 Y,,px,layout,系统案未单列中央弹幕区Y，只明确PK条1024×72
layout_center_w,中央弹幕区宽,1024,px,layout,系统案中央区宽度与PK条宽度均为1024
layout_center_h,中央弹幕区高,,px,layout,系统案未给中央弹幕区高度，待最终布局表
layout_pkbar_x,PK条区 X,448,px,layout,由左右主播区宽度推得
layout_pkbar_y,PK条区 Y,0,px,layout,系统案顶部PK条
layout_pkbar_w,PK条区宽,1024,px,layout,系统案PK条1024×72
layout_pkbar_h,PK条区高,72,px,layout,系统案PK条1024×72
layout_data_x,直播数据区 X,,px,layout,系统案仅给左右直播数据区尺寸，未定义单一X
layout_data_y,直播数据区 Y,,px,layout,系统案未给绝对Y
layout_data_w,直播数据区宽,448,px,layout,系统案直播数据区448×296
layout_data_h,直播数据区高,296,px,layout,系统案直播数据区448×296
thunder_penalty_pk,雷弹幕扣分,-0.5,PK,trap,系统案：雷弹幕命中扣0.5个百分点
