event_id,audio_type,asset_path_or_id,volume_db,pitch_min,pitch_max,loop,transition_group,notes
ui_name_confirm,ui,,,1,1,false,,系统案1 身份系统｜输入确认
ui_identity_switch,ui,,,1,1,false,,系统案1｜身份切换
ui_identity_confirm,ui,,,1,1,false,,系统案1｜身份确认
live_start_transition,sfx,,,1,1,false,,系统案1｜开播转场
streamer_intro,sfx,,,1,1,false,,系统案2｜主播主题提示
mechanic_reveal,sfx,,,1,1,false,,系统案2｜首次出现专属玩法辨识音
barrage_spawn,sfx,,,1,1,false,,系统案3｜轻量弹幕出现音
barrage_strength_high,sfx,,,1,1,false,,系统案3｜高强度话语出现辨识音
barrage_special,sfx,,,1,1,false,,系统案3｜特殊弹幕独立提示音
trait_copy,sfx,,,1,1,false,,系统案4｜复制/成批出现提示
trait_split,sfx,,,1,1,false,,系统案4｜分裂撕裂/断开
trait_reflect,sfx,,,1,1,false,,系统案4｜反弹与撞击
trait_blocked,sfx,,,1,1,false,,系统案4｜言弹撞上遮挡物
trait_unselectable,sfx,,,1,1,false,,系统案4｜目标无法选中的轻提示
aim_target,ui,,,1,1,false,,系统案5｜轻量目标提示
attack_charge,sfx,,,1,1,false,,系统案5｜随蓄力增强
attack_ready,sfx,,,1,1,false,,系统案5｜蓄满完成提示
attack_fire,sfx,,,1,1,false,,系统案5｜短促发射音
hit_normal,sfx,,,1,1,false,,系统案5｜正常命中反馈
attack_miss,sfx,,,1,1,false,,系统案5｜落空反馈
attack_reflect,sfx,,,1,1,false,,系统案5｜言弹被弹回反馈
hit_trap,sfx,,,1,1,false,,系统案6｜陷阱扣分反馈
pk_push,sfx,,,1,1,false,,系统案6｜PK上涨
pk_push_big,sfx,,,1,1,false,,系统案6｜大幅推进
pk_retreat,sfx,,,1,1,false,,系统案6｜PK下降
pk_retreat_big,sfx,,,1,1,false,,系统案6｜大幅回退
pk_danger,sfx,,,1,1,false,,系统案6｜临近归零危险提示
pk_full,sfx,,,1,1,false,,系统案6｜推满进入矛盾阶段
pullback_pressure,sfx,,,1,1,true,,系统案7｜持续回拉压迫提示
player_near_fail,sfx,,,1,1,false,,系统案7｜临近归零提醒
battle_fail_transition,sfx,,,1,1,false,,系统案7｜断流/下播失败转场
tier_up,sfx,,,1,1,false,,系统案8｜升档提示
tier_down,sfx,,,1,1,false,,系统案8｜降档提示
tier_high_ambience,sfx,,,1,1,true,,系统案8｜高档环境噪声
contradiction_start,sfx,,,1,1,false,,系统案8/12｜矛盾阶段入场提示
live_like_burst,sfx,,,1,1,false,,系统案9｜大量点赞轻提示
live_viewer_milestone,sfx,,,1,1,false,,系统案9｜观看人数明显上涨提示
live_fan_gain,sfx,,,1,1,false,,系统案9｜粉丝结算增长确认
live_break_burst,sfx,,,1,1,false,,系统案9｜矛盾击破后的直播热度爆发
repeat_crowd,sfx,,,1,1,false,,系统案10｜人群跟读/赞同声
repeat_batch,sfx,,,1,1,false,,系统案10｜一批复读涌入
repeat_flood,sfx,,,1,1,false,,系统案10｜大量复读刷屏整体声势
contradiction_spawn,sfx,,,1,1,false,,系统案12｜矛盾弹幕出现
contradiction_false_hit,sfx,,,1,1,false,,系统案12｜假矛盾错误命中
contradiction_break,sfx,,,1,1,false,,系统案12｜真矛盾正确击破
contradiction_emphasis,sfx,,,1,1,false,,系统案12｜全屏强调冲击
oracle_candidates,sfx,,,1,1,false,,系统案13｜候选文字浮出
oracle_select_move,ui,,,1,1,false,,系统案13｜候选切换提示
oracle_confirm,sfx,,,1,1,false,,系统案13｜最终确认重击
oracle_collapse,sfx,,,1,1,false,,系统案13｜刷屏与对手崩溃
assimilation_complete,sfx,,,1,1,false,,系统案14｜获得对手内容确认
assimilation_trait_unlock,sfx,,,1,1,false,,系统案14｜新玩法/招式解锁提示
ui_click,ui,,,1,1,false,,现有通用UI点击事件；系统案未单独规定
music_menu_opening,music,,,1,1,true,menu,系统案1｜低强度菜单音乐衔接第一场直播
music_battle_t0,music,,,1,1,true,battle,系统案2/8｜可分层直播音乐；Tier0层
music_battle_t1,music,,,1,1,true,battle,系统案8｜音乐分层随档位增强
music_battle_t2,music,,,1,1,true,battle,系统案8｜音乐分层随档位增强
music_battle_t3,music,,,1,1,true,battle,系统案8｜音乐分层随档位增强
music_battle_t4,music,,,1,1,true,battle,系统案8｜音乐分层随档位增强
music_battle_t5,music,,,1,1,true,battle,系统案8｜高档位所有音乐层共同出现
music_failure,music,,,1,1,false,failure,系统案7｜失败时迅速切断直播音乐
music_restart,music,,,1,1,true,battle,系统案7｜重开回到当前关卡基础音乐层
music_contradiction,music,,,1,1,true,contradiction,系统案8/12｜矛盾阶段加强紧迫感，可变速/失真
music_oracle,music,,,1,1,true,oracle,系统案13｜1s静音后保留极简底噪/持续音
music_oracle_confirm,music,,,1,1,false,oracle,系统案13｜确认后短高潮或结算过门
music_assimilation,music,,,1,1,false,result,系统案14｜短过门衔接结算与休息
divine_descent_lock,sfx,,,1,1,false,,现有后续系统事件；不来自本次系统案正文
music_divine_descent,music,,,1,1,true,divine,现有后续系统占位；不来自本次系统案正文
music_ending,music,,,1,1,true,ending,现有后续系统占位；不来自本次系统案正文
