asset_id,category,owner_id,purpose,expected_format,target_folder,status,notes
portrait_player_default,character,player,主角立绘,PNG,assets/characters/,todo,系统案1｜主角形象
avatar_player_default,character,player,主角主播头像,PNG,assets/characters/,todo,系统案1｜主角形象
icon_identity_orthodox,ui,identity,正统身份图标,PNG,assets/ui/,todo,系统案1｜身份图标
icon_identity_heresy,ui,identity,异端身份图标,PNG,assets/ui/,todo,系统案1｜身份图标
icon_identity_absurd,ui,identity,荒谬身份图标,PNG,assets/ui/,todo,系统案1｜身份图标
ui_identity_states,ui,identity,身份选项默认/指向/选中状态,PNG,assets/ui/,todo,系统案1｜选择状态
ui_name_input,ui,identity,取名输入框/确认按钮/背景,PNG,assets/ui/,todo,系统案1｜取名界面
portrait_streamer_a,character,streamer_a,主播立绘,PNG,assets/characters/,todo,系统案2｜每位主播提供立绘
avatar_streamer_a,character,streamer_a,主播头像,PNG,assets/characters/,todo,系统案2｜每位主播提供头像
bg_streamer_a,environment,streamer_a,直播间背景,PNG,assets/environment/,todo,系统案2｜直播主题
fan_badge_streamer_a,ui,streamer_a,主播粉丝牌,PNG,assets/ui/,todo,系统案2｜直播主题
streamer_state_set_a,character,streamer_a,正常/受压/崩坏/下播状态,PNG,assets/characters/,todo,系统案2｜对手状态
card_art_streamer_a,ui,streamer_a,败者卡卡面,PNG,assets/ui/,todo,系统案2｜败者卡
barrage_bubble_normal,ui,barrage,普通弹幕气泡,PNG,assets/ui/,todo,系统案3｜弹幕气泡
barrage_tendency_marks,ui,barrage,三种倾向颜色与小装饰,PNG,assets/ui/,todo,系统案3｜倾向标记
barrage_fan_badges,ui,barrage,玩家/对手/来源主播粉丝牌,PNG,assets/ui/,todo,系统案3｜粉丝牌
barrage_strength_styles,ui,barrage,三种话语强度字重/边框/特效,PNG,assets/ui/,todo,系统案3｜强度区分
barrage_special_styles,ui,barrage,雷/假弹幕/反击/复读识别样式,PNG,assets/ui/,todo,系统案3｜特殊类型
trait_markers,ui,traits,各类特性识别符号,PNG,assets/ui/,todo,系统案4｜特性标记
trait_blocked,vfx,traits,遮挡物外观,PNG,assets/effects/,todo,系统案4｜遮挡素材
trait_fake_badge,ui,traits,仿制玩家粉丝牌,PNG,assets/ui/,todo,系统案4｜假粉丝牌
trait_censor,ui,traits,敏感词遮盖样式,PNG,assets/ui/,todo,系统案4｜屏蔽文字
trait_split,vfx,traits,文字/气泡裂开效果,PNG,assets/effects/,todo,系统案4｜分裂效果
trait_reflect,vfx,traits,反弹轨迹与碰撞效果,PNG,assets/effects/,todo,系统案4｜反弹效果
trait_stack_style,ui,traits,多特性叠加时的清晰排版,PNG,assets/ui/,todo,系统案4｜叠加样式
aim_reticle,ui,combat,准心默认与瞄准状态,PNG,assets/ui/,todo,系统案5｜准心样式
charge_indicator,ui,combat,蓄力过程与蓄满状态,PNG,assets/ui/,todo,系统案5｜蓄力提示
projectile_word,vfx,combat,言弹主体与拖尾,PNG,assets/effects/,todo,系统案5｜言弹外观
hit_effect,vfx,combat,命中弹幕反馈,PNG,assets/effects/,todo,系统案5｜命中特效
combat_anomaly_effects,vfx,combat,落空/遮挡/反弹反馈,PNG,assets/effects/,todo,系统案5｜异常特效
pk_bar,ui,combat,双方PK拉锯条,PNG,assets/ui/,todo,系统案6｜PK条
pk_endpoint_avatars,ui,combat,双方头像端点框,PNG,assets/ui/,todo,系统案6｜双方头像
tier_markers,ui,combat,PK条档位标记,PNG,assets/ui/,todo,系统案6｜档位标记
pk_critical_states,ui,combat,临近归零/推满表现,PNG,assets/ui/,todo,系统案6｜临界状态
tier_high_distortion,vfx,combat,高档位界面失真,PNG,assets/effects/,todo,系统案6｜高档变化
battle_fail_screen,ui,combat,失败画面与重开按钮,PNG,assets/ui/,todo,系统案7｜失败画面
stream_offline_state,ui,combat,玩家断流/对手嘲讽表现,PNG,assets/ui/,todo,系统案7｜下播表现
tier_ui_states,ui,tier,各Tier界面状态,PNG,assets/ui/,todo,系统案8｜档位界面
tier_character_states,character,tier,角色随Tier变化的表情/形象,PNG,assets/characters/,todo,系统案8｜角色状态
tier_background_states,environment,tier,直播间逐渐失控背景版本,PNG,assets/environment/,todo,系统案8｜场景变化
tier_font_styles,ui,tier,高档位文字强化/界面侵入样式,PNG,assets/ui/,todo,系统案8｜字体变化
icon_viewers,ui,live_data,观看图标,PNG,assets/ui/,todo,系统案9｜数据图标
icon_likes,ui,live_data,点赞图标,PNG,assets/ui/,todo,系统案9｜数据图标
icon_comments,ui,live_data,评论图标,PNG,assets/ui/,todo,系统案9｜数据图标
icon_fans,ui,live_data,粉丝图标,PNG,assets/ui/,todo,系统案9｜数据图标
live_data_layout,ui,live_data,直播数据数字与标签排版,PNG,assets/ui/,todo,系统案9｜数据区域
live_data_hot_effect,vfx,live_data,高热度数字放大/亮起,PNG,assets/effects/,todo,系统案9｜热度效果
repeat_player_badge,ui,repeat,复读弹幕玩家粉丝牌,PNG,assets/ui/,todo,系统案10｜玩家粉丝牌
repeat_low_style,ui,repeat,低档小字号/半透明复读样式,PNG,assets/ui/,todo,系统案10｜低档样式
repeat_high_style,ui,repeat,高密度刷屏复读样式,PNG,assets/ui/,todo,系统案10｜高档样式
repeat_fake_badge_diff,ui,repeat,真假粉丝牌差异样式,PNG,assets/ui/,todo,系统案10｜真假牌差异
contradiction_bubble,ui,contradiction,真假矛盾共用可命中样式,PNG,assets/ui/,todo,系统案12｜矛盾气泡
contradiction_stage_banner,ui,contradiction,进入矛盾阶段醒目标识,PNG,assets/ui/,todo,系统案12｜阶段提示
contradiction_timer,ui,contradiction,剩余时间与攻击机会UI,PNG,assets/ui/,todo,系统案12｜倒计时
contradiction_break_screen,vfx,contradiction,正确击中后的全屏强调,PNG,assets/effects/,todo,系统案12｜击破画面
oracle_candidate_layout,ui,oracle,最多三句候选排版,PNG,assets/ui/,todo,系统案13｜候选排版
oracle_select_states,ui,oracle,默认/指向/确认状态,PNG,assets/ui/,todo,系统案13｜选择状态
oracle_fullscreen_repeat,vfx,oracle,选中句全屏刷屏表现,PNG,assets/effects/,todo,系统案13｜全屏刷屏
assimilation_gain_ui,ui,assimilation,新增词库/招式提示,PNG,assets/ui/,todo,系统案14｜获得提示
assimilation_conquered_mark,ui,assimilation,已击败主播征服标记,PNG,assets/ui/,todo,系统案14｜征服标记
assimilation_source_style,ui,assimilation,继承话语保留来源主播装饰,PNG,assets/ui/,todo,系统案14｜来源外观
ending_art_orthodox,environment,ending,正统结局主图,PNG,assets/environment/,todo,现有后续系统占位；不来自本次系统案正文
